Player ID,Name,First Name,Last Name,Team,Position,Secondary Position,Status,Draft Rank,Games Played,Starts,Tries Scored,Try Assists,Line Breaks,Line Break Assists,Defenders Beaten,Metres Gained,Offloads,Tackles Made,Tackles Missed,Turnovers Forced,Interceptions,50:22s,Penalties Conceded,Errors,Lineouts Won,Lineout Steals,Lineout Errors,Scrums Won,Conversions,Conversions Missed,Penalty Goals,Penalty Goals Missed,Drop Goals,Drop Goals Missed,Yellow Cards,Red Cards
D.McKenzie,D. McKenzie,Damian,McKenzie,CHI,FH,OB,Birth of Child,1,0,0,0,0,0,0,0,0,0,0,0,0,0,0,0,0,0,0,0,0,0,0,0,0,0,0,0,0
B.Proctor,B. Proctor,Billy,Proctor,HUR,CE,,,2,0,0,0,0,0,0,0,0,0,0,0,0,0,0,0,0,0,0,0,0,0,0,0,0,0,0,0,0
C.Tangitau,C. Tangitau,Caleb,Tangitau,HIG,OB,,Starting,3,0,0,0,0,0,0,0,0,0,0,0,0,0,0,0,0,0,0,0,0,0,0,0,0,0,0,0,0
C.Tizzano,C. Tizzano,Carlo,Tizzano,FOR,LF,,Starting,4,0,0,0,0,0,0,0,0,0,0,0,0,0,0,0,0,0,0,0,0,0,0,0,0,0,0,0,0
S.Reece,S. Reece,Sevu,Reece,CRU,OB,CE,Starting,5,0,0,0,0,0,0,0,0,0,0,0,0,0,0,0,0,0,0,0,0,0,0,0,0,0,0,0,0
W.Jordan,W. Jordan,Will,Jordan,CRU,OB,,Benched,6,0,0,0,0,0,0,0,0,0,0,0,0,0,0,0,0,0,0,0,0,0,0,0,0,0,0,0,0
C.Roigard,C. Roigard,Cam,Roigard,HUR,HB,,,7,0,0,0,0,0,0,0,0,0,0,0,0,0,0,0,0,0,0,0,0,0,0,0,0,0,0,0,0
C.Toole,C. Toole,Corey,Toole,BRU,OB,,Starting,8,0,0,0,0,0,0,0,0,0,0,0,0,0,0,0,0,0,0,0,0,0,0,0,0,0,0,0,0
J.Ratumaitavuki-Kneepkens,J. Ratumaitavuki-Kneepkens,Jacob,Ratumaitavuki-Kneepkens,HIG,OB,,Starting,9,0,0,0,0,0,0,0,0,0,0,0,0,0,0,0,0,0,0,0,0,0,0,0,0,0,0,0,0
H.Wilson,H. Wilson,Harry,Wilson,RED,LF,,Out,10,0,0,0,0,0,0,0,0,0,0,0,0,0,0,0,0,0,0,0,0,0,0,0,0,0,0,0,0
M.Jorgensen,M. Jorgensen,Max,Jorgensen,WAR,OB,,Starting,11,0,0,0,0,0,0,0,0,0,0,0,0,0,0,0,0,0,0,0,0,0,0,0,0,0,0,0,0
H.Potter,H. Potter,Harry,Potter,WAR,OB,CE,Starting,12,0,0,0,0,0,0,0,0,0,0,0,0,0,0,0,0,0,0,0,0,0,0,0,0,0,0,0,0
J.Barrett,J. Barrett,Jordie,Barrett,HUR,CE,OB,,13,0,0,0,0,0,0,0,0,0,0,0,0,0,0,0,0,0,0,0,0,0,0,0,0,0,0,0,0
L.Carter,L. Carter,Leroy,Carter,CHI,OB,,,14,0,0,0,0,0,0,0,0,0,0,0,0,0,0,0,0,0,0,0,0,0,0,0,0,0,0,0,0
T.Wright,T. Wright,Tom,Wright,BRU,OB,,Knee,15,0,0,0,0,0,0,0,0,0,0,0,0,0,0,0,0,0,0,0,0,0,0,0,0,0,0,0,0
T.Tavatavanawai,T. Tavatavanawai,Timoci,Tavatavanawai,HIG,CE,OB,Starting,16,0,0,0,0,0,0,0,0,0,0,0,0,0,0,0,0,0,0,0,0,0,0,0,0,0,0,0,0
K.Naholo,K. Naholo,Kini,Naholo,HUR,OB,,,17,0,0,0,0,0,0,0,0,0,0,0,0,0,0,0,0,0,0,0,0,0,0,0,0,0,0,0,0
J.Suaalii,J. Suaalii,Joseph-Aukuso,Suaalii,WAR,CE,OB,Starting,18,0,0,0,0,0,0,0,0,0,0,0,0,0,0,0,0,0,0,0,0,0,0,0,0,0,0,0,0
R.Reihana,R. Reihana,Rivez,Reihana,CRU,FH,OB,Starting,19,0,0,0,0,0,0,0,0,0,0,0,0,0,0,0,0,0,0,0,0,0,0,0,0,0,0,0,0
M.Springer,M. Springer,Macca,Springer,CRU,OB,,Quad - 1-2 weeks,20,0,0,0,0,0,0,0,0,0,0,0,0,0,0,0,0,0,0,0,0,0,0,0,0,0,0,0,0
B.Barrett,B. Barrett,Beauden,Barrett,BLU,FH,OB,Rested,21,0,0,0,0,0,0,0,0,0,0,0,0,0,0,0,0,0,0,0,0,0,0,0,0,0,0,0,0
J.Nareki,J. Nareki,Jona,Nareki,HIG,OB,,Starting,22,0,0,0,0,0,0,0,0,0,0,0,0,0,0,0,0,0,0,0,0,0,0,0,0,0,0,0,0
R.Asiata,R. Asiata,Richie,Asiata,RED,HO,,Benched,23,0,0,0,0,0,0,0,0,0,0,0,0,0,0,0,0,0,0,0,0,0,0,0,0,0,0,0,0
J.Lowe,J. Lowe,Jonah,Lowe,HIG,OB,CE,Starting,24,0,0,0,0,0,0,0,0,0,0,0,0,0,0,0,0,0,0,0,0,0,0,0,0,0,0,0,0
M.Faiilagi,M. Faiilagi,Miracle,Faiilagi,MOP,LF,,Starting,25,0,0,0,0,0,0,0,0,0,0,0,0,0,0,0,0,0,0,0,0,0,0,0,0,0,0,0,0
C.Cale,C. Cale,Charlie,Cale,BRU,LF,,Starting,26,0,0,0,0,0,0,0,0,0,0,0,0,0,0,0,0,0,0,0,0,0,0,0,0,0,0,0,0
K.Taumoefolau,K. Taumoefolau,Kyren,Taumoefolau,CHI,OB,,Starting,27,0,0,0,0,0,0,0,0,0,0,0,0,0,0,0,0,0,0,0,0,0,0,0,0,0,0,0,0
I.Moananu,I. Moananu,Ioane,Moananu,WAR,HO,,,28,0,0,0,0,0,0,0,0,0,0,0,0,0,0,0,0,0,0,0,0,0,0,0,0,0,0,0,0
A.Muirhead,A. Muirhead,Andy,Muirhead,BRU,OB,,Starting,29,0,0,0,0,0,0,0,0,0,0,0,0,0,0,0,0,0,0,0,0,0,0,0,0,0,0,0,0
R.Love,R. Love,Ruben,Love,HUR,OB,FH,,30,0,0,0,0,0,0,0,0,0,0,0,0,0,0,0,0,0,0,0,0,0,0,0,0,0,0,0,0
H.Sotutu,H. Sotutu,Hoskins,Sotutu,BLU,LF,,Starting,31,0,0,0,0,0,0,0,0,0,0,0,0,0,0,0,0,0,0,0,0,0,0,0,0,0,0,0,0
P.Loganimasi,P. Loganimasi,Ponipate,Loganimasi,DRU,OB,,,32,0,0,0,0,0,0,0,0,0,0,0,0,0,0,0,0,0,0,0,0,0,0,0,0,0,0,0,0
J.McNicholl,J. McNicholl,Johnny,McNicholl,CRU,OB,,Hamstring - 3 weeks,33,0,0,0,0,0,0,0,0,0,0,0,0,0,0,0,0,0,0,0,0,0,0,0,0,0,0,0,0
C.Taylor,C. Taylor,Codie,Taylor,CRU,HO,,Benched,34,0,0,0,0,0,0,0,0,0,0,0,0,0,0,0,0,0,0,0,0,0,0,0,0,0,0,0,0
W.Havili,W. Havili,William,Havili,MOP,OB,FH,Starting,35,0,0,0,0,0,0,0,0,0,0,0,0,0,0,0,0,0,0,0,0,0,0,0,0,0,0,0,0
F.Daugunu,F. Daugunu,Filipo,Daugunu,RED,OB,CE,Out,36,0,0,0,0,0,0,0,0,0,0,0,0,0,0,0,0,0,0,0,0,0,0,0,0,0,0,0,0
B.Pollard,B. Pollard,Billy,Pollard,BRU,HO,,Starting,37,0,0,0,0,0,0,0,0,0,0,0,0,0,0,0,0,0,0,0,0,0,0,0,0,0,0,0,0
F.McReight,F. McReight,Fraser,McReight,RED,LF,,Starting,38,0,0,0,0,0,0,0,0,0,0,0,0,0,0,0,0,0,0,0,0,0,0,0,0,0,0,0,0
C.Lio-Willie,C. Lio-Willie,Christian,Lio-Willie,CRU,LF,,Starting,39,0,0,0,0,0,0,0,0,0,0,0,0,0,0,0,0,0,0,0,0,0,0,0,0,0,0,0,0
N.Dolly,N. Dolly,Nic,Dolly,FOR,HO,,Knee - Short Term,40,0,0,0,0,0,0,0,0,0,0,0,0,0,0,0,0,0,0,0,0,0,0,0,0,0,0,0,0
W.Sititi,W. Sititi,Wallace,Sititi,CHI,LF,,,41,0,0,0,0,0,0,0,0,0,0,0,0,0,0,0,0,0,0,0,0,0,0,0,0,0,0,0,0
L.Fainga'anuku,L. Fainga'anuku,Leicester,Fainga'anuku,CRU,CE,OB,Starting,42,0,0,0,0,0,0,0,0,0,0,0,0,0,0,0,0,0,0,0,0,0,0,0,0,0,0,0,0
T.McDermott,T. McDermott,Tate,McDermott,RED,HB,,Out,43,0,0,0,0,0,0,0,0,0,0,0,0,0,0,0,0,0,0,0,0,0,0,0,0,0,0,0,0
J.Flook,J. Flook,Josh,Flook,RED,CE,OB,Starting,44,0,0,0,0,0,0,0,0,0,0,0,0,0,0,0,0,0,0,0,0,0,0,0,0,0,0,0,0
S.Uru,S. Uru,Seru,Uru,RED,LK,LF,Benched,45,0,0,0,0,0,0,0,0,0,0,0,0,0,0,0,0,0,0,0,0,0,0,0,0,0,0,0,0
D.Havili,D. Havili,David,Havili,CRU,CE,OB,Starting,46,0,0,0,0,0,0,0,0,0,0,0,0,0,0,0,0,0,0,0,0,0,0,0,0,0,0,0,0
S.Tupou Tae'eiloa,S. Tupou Tae'eiloa,Semisi,Tupou Tae'eiloa,MOP,LF,,Starting,47,0,0,0,0,0,0,0,0,0,0,0,0,0,0,0,0,0,0,0,0,0,0,0,0,0,0,0,0
M.Grealy,M. Grealy,Mac,Grealy,FOR,OB,,Starting,48,0,0,0,0,0,0,0,0,0,0,0,0,0,0,0,0,0,0,0,0,0,0,0,0,0,0,0,0
C.Harkin,C. Harkin,Callum,Harkin,HUR,OB,FH,,49,0,0,0,0,0,0,0,0,0,0,0,0,0,0,0,0,0,0,0,0,0,0,0,0,0,0,0,0
H.Godfrey,H. Godfrey,Harry,Godfrey,HUR,FH,OB,ACL - Season,50,0,0,0,0,0,0,0,0,0,0,0,0,0,0,0,0,0,0,0,0,0,0,0,0,0,0,0,0
N.Laumape,N. Laumape,Ngani,Laumape,MOP,CE,,Starting,51,0,0,0,0,0,0,0,0,0,0,0,0,0,0,0,0,0,0,0,0,0,0,0,0,0,0,0,0
A.Lam,A. Lam,AJ,Lam,BLU,CE,OB,Starting,52,0,0,0,0,0,0,0,0,0,0,0,0,0,0,0,0,0,0,0,0,0,0,0,0,0,0,0,0
Q.Tupaea,Q. Tupaea,Quinn,Tupaea,CHI,CE,,Starting,53,0,0,0,0,0,0,0,0,0,0,0,0,0,0,0,0,0,0,0,0,0,0,0,0,0,0,0,0
S.Taukei'aho,S. Taukei'aho,Samisoni,Taukei'aho,CHI,HO,,Starting,54,0,0,0,0,0,0,0,0,0,0,0,0,0,0,0,0,0,0,0,0,0,0,0,0,0,0,0,0
D.Kirifi,D. Kirifi,Du'Plessis,Kirifi,HUR,LF,,,55,0,0,0,0,0,0,0,0,0,0,0,0,0,0,0,0,0,0,0,0,0,0,0,0,0,0,0,0
L.Anderson,L. Anderson,Lachie,Anderson,RED,OB,,Starting,56,0,0,0,0,0,0,0,0,0,0,0,0,0,0,0,0,0,0,0,0,0,0,0,0,0,0,0,0
M.Mataele,M. Mataele,Manasa,Mataele,DRU,OB,CE,,57,0,0,0,0,0,0,0,0,0,0,0,0,0,0,0,0,0,0,0,0,0,0,0,0,0,0,0,0
M.Faessler,M. Faessler,Matt,Faessler,RED,HO,,Starting,58,0,0,0,0,0,0,0,0,0,0,0,0,0,0,0,0,0,0,0,0,0,0,0,0,0,0,0,0
R.Higgins,R. Higgins,Riley,Higgins,HUR,CE,,,59,0,0,0,0,0,0,0,0,0,0,0,0,0,0,0,0,0,0,0,0,0,0,0,0,0,0,0,0
B.Donaldson,B. Donaldson,Ben,Donaldson,FOR,FH,OB,Starting,60,0,0,0,0,0,0,0,0,0,0,0,0,0,0,0,0,0,0,0,0,0,0,0,0,0,0,0,0
E.Nanai-Seturo,E. Nanai-Seturo,Etene,Nanai-Seturo,CHI,OB,,Starting,61,0,0,0,0,0,0,0,0,0,0,0,0,0,0,0,0,0,0,0,0,0,0,0,0,0,0,0,0
A.Kellaway,A. Kellaway,Andrew,Kellaway,WAR,OB,,,62,0,0,0,0,0,0,0,0,0,0,0,0,0,0,0,0,0,0,0,0,0,0,0,0,0,0,0,0
T.Lynagh,T. Lynagh,Tom,Lynagh,RED,FH,,Out,63,0,0,0,0,0,0,0,0,0,0,0,0,0,0,0,0,0,0,0,0,0,0,0,0,0,0,0,0
A.Saunders,A. Saunders,Archie,Saunders,WAR,OB,,,64,0,0,0,0,0,0,0,0,0,0,0,0,0,0,0,0,0,0,0,0,0,0,0,0,0,0,0,0
A.Aumua,A. Aumua,Asafo,Aumua,HUR,HO,,,65,0,0,0,0,0,0,0,0,0,0,0,0,0,0,0,0,0,0,0,0,0,0,0,0,0,0,0,0
D.Rona,D. Rona,Daniel,Rona,CHI,CE,OB,Starting,66,0,0,0,0,0,0,0,0,0,0,0,0,0,0,0,0,0,0,0,0,0,0,0,0,0,0,0,0
E.Narawa,E. Narawa,Emoni,Narawa,CHI,OB,CE,,67,0,0,0,0,0,0,0,0,0,0,0,0,0,0,0,0,0,0,0,0,0,0,0,0,0,0,0,0
C.Fihaki,C. Fihaki,Chay,Fihaki,CRU,OB,,Starting,68,0,0,0,0,0,0,0,0,0,0,0,0,0,0,0,0,0,0,0,0,0,0,0,0,0,0,0,0
C.Ratima,C. Ratima,Cortez,Ratima,CHI,HB,,Benched,69,0,0,0,0,0,0,0,0,0,0,0,0,0,0,0,0,0,0,0,0,0,0,0,0,0,0,0,0
E.Waqa,E. Waqa,Etonia,Waqa,DRU,LF,LK,,70,0,0,0,0,0,0,0,0,0,0,0,0,0,0,0,0,0,0,0,0,0,0,0,0,0,0,0,0
J.Devery,J. Devery,Jacob,Devery,HUR,HO,,,71,0,0,0,0,0,0,0,0,0,0,0,0,0,0,0,0,0,0,0,0,0,0,0,0,0,0,0,0
A.Alaalatoa,A. Alaalatoa,Allan,Alaalatoa,BRU,PR,,Back,72,0,0,0,0,0,0,0,0,0,0,0,0,0,0,0,0,0,0,0,0,0,0,0,0,0,0,0,0
L.Jacobson,L. Jacobson,Luke,Jacobson,CHI,LF,,Starting,73,0,0,0,0,0,0,0,0,0,0,0,0,0,0,0,0,0,0,0,0,0,0,0,0,0,0,0,0
T.Ofa,T. Ofa,Tevita,Ofa,MOP,OB,CE,Starting,74,0,0,0,0,0,0,0,0,0,0,0,0,0,0,0,0,0,0,0,0,0,0,0,0,0,0,0,0
B.Slater,B. Slater,Bradley,Slater,BLU,HO,,Starting,75,0,0,0,0,0,0,0,0,0,0,0,0,0,0,0,0,0,0,0,0,0,0,0,0,0,0,0,0
T.Vaa'i,T. Vaa'i,Tupou,Vaa'i,CHI,LK,,Starting,76,0,0,0,0,0,0,0,0,0,0,0,0,0,0,0,0,0,0,0,0,0,0,0,0,0,0,0,0
B.Sullivan,B. Sullivan,Bailyn,Sullivan,HUR,CE,OB,,77,0,0,0,0,0,0,0,0,0,0,0,0,0,0,0,0,0,0,0,0,0,0,0,0,0,0,0,0
E.Canakaivata,E. Canakaivata,Elia,Canakaivata,DRU,LF,,,78,0,0,0,0,0,0,0,0,0,0,0,0,0,0,0,0,0,0,0,0,0,0,0,0,0,0,0,0
M.Renata,M. Renata,Marcel,Renata,BLU,PR,,Benched,79,0,0,0,0,0,0,0,0,0,0,0,0,0,0,0,0,0,0,0,0,0,0,0,0,0,0,0,0
M.Sanerivi,M. Sanerivi,Millennium,Sanerivi,MOP,HO,,Starting,80,0,0,0,0,0,0,0,0,0,0,0,0,0,0,0,0,0,0,0,0,0,0,0,0,0,0,0,0
J.Williams,J. Williams,Jeremy,Williams,FOR,LK,,Starting,81,0,0,0,0,0,0,0,0,0,0,0,0,0,0,0,0,0,0,0,0,0,0,0,0,0,0,0,0
T.Reilly,T. Reilly,Triston,Reilly,WAR,OB,,Benched,82,0,0,0,0,0,0,0,0,0,0,0,0,0,0,0,0,0,0,0,0,0,0,0,0,0,0,0,0
N.Frost,N. Frost,Nick,Frost,BRU,LK,,Rested,83,0,0,0,0,0,0,0,0,0,0,0,0,0,0,0,0,0,0,0,0,0,0,0,0,0,0,0,0
F.Fineanganofo,F. Fineanganofo,Fehi,Fineanganofo,HUR,OB,CE,,84,0,0,0,0,0,0,0,0,0,0,0,0,0,0,0,0,0,0,0,0,0,0,0,0,0,0,0,0
F.Fakatava,F. Fakatava,Folau,Fakatava,HIG,HB,,Starting,85,0,0,0,0,0,0,0,0,0,0,0,0,0,0,0,0,0,0,0,0,0,0,0,0,0,0,0,0
D.Papali'i,D. Papali'i,Dalton,Papali'i,BLU,LF,,Starting,86,0,0,0,0,0,0,0,0,0,0,0,0,0,0,0,0,0,0,0,0,0,0,0,0,0,0,0,0
C.Grace,C. Grace,Cullen,Grace,CRU,LF,LK,Knee - TBC,87,0,0,0,0,0,0,0,0,0,0,0,0,0,0,0,0,0,0,0,0,0,0,0,0,0,0,0,0
D.Flanders,D. Flanders,Devan,Flanders,HUR,LF,,,88,0,0,0,0,0,0,0,0,0,0,0,0,0,0,0,0,0,0,0,0,0,0,0,0,0,0,0,0
E.Dobbins,E. Dobbins,Ethan,Dobbins,WAR,HO,,Starting,89,0,0,0,0,0,0,0,0,0,0,0,0,0,0,0,0,0,0,0,0,0,0,0,0,0,0,0,0
M.Murray,M. Murray,Motikiai,Murray,DRU,LF,,,90,0,0,0,0,0,0,0,0,0,0,0,0,0,0,0,0,0,0,0,0,0,0,0,0,0,0,0,0
J.Campbell,J. Campbell,Jock,Campbell,RED,OB,,Starting,91,0,0,0,0,0,0,0,0,0,0,0,0,0,0,0,0,0,0,0,0,0,0,0,0,0,0,0,0
A.Shalfoon,A. Shalfoon,Antonio,Shalfoon,CRU,LK,,Starting,92,0,0,0,0,0,0,0,0,0,0,0,0,0,0,0,0,0,0,0,0,0,0,0,0,0,0,0,0
B.Cameron,B. Cameron,Brett,Cameron,HUR,FH,,,93,0,0,0,0,0,0,0,0,0,0,0,0,0,0,0,0,0,0,0,0,0,0,0,0,0,0,0,0
B.Paenga-Amosa,B. Paenga-Amosa,Brandon,Paenga-Amosa,FOR,HO,,Starting,94,0,0,0,0,0,0,0,0,0,0,0,0,0,0,0,0,0,0,0,0,0,0,0,0,0,0,0,0
J.Walton,J. Walton,Joey,Walton,WAR,CE,,Starting,95,0,0,0,0,0,0,0,0,0,0,0,0,0,0,0,0,0,0,0,0,0,0,0,0,0,0,0,0
J.Brial,J. Brial,Joe,Brial,RED,LF,,Starting,96,0,0,0,0,0,0,0,0,0,0,0,0,0,0,0,0,0,0,0,0,0,0,0,0,0,0,0,0
T.Robertson,T. Robertson,Tom,Robertson,FOR,PR,,Starting,97,0,0,0,0,0,0,0,0,0,0,0,0,0,0,0,0,0,0,0,0,0,0,0,0,0,0,0,0
N.Hotham,N. Hotham,Noah,Hotham,CRU,HB,,Starting,98,0,0,0,0,0,0,0,0,0,0,0,0,0,0,0,0,0,0,0,0,0,0,0,0,0,0,0,0
B.Ennor,B. Ennor,Braydon,Ennor,CRU,CE,,Starting,99,0,0,0,0,0,0,0,0,0,0,0,0,0,0,0,0,0,0,0,0,0,0,0,0,0,0,0,0
P.Lakai,P. Lakai,Peter,Lakai,HUR,LF,,,100,0,0,0,0,0,0,0,0,0,0,0,0,0,0,0,0,0,0,0,0,0,0,0,0,0,0,0,0
B.Iose,B. Iose,Brayden,Iose,HUR,LF,,,101,0,0,0,0,0,0,0,0,0,0,0,0,0,0,0,0,0,0,0,0,0,0,0,0,0,0,0,0
T.Rakuro,T. Rakuro,Taniela,Rakuro,DRU,OB,,,102,0,0,0,0,0,0,0,0,0,0,0,0,0,0,0,0,0,0,0,0,0,0,0,0,0,0,0,0
B.McAlister,B. McAlister,Brodie,McAlister,CHI,HO,,Hand - Round 4,103,0,0,0,0,0,0,0,0,0,0,0,0,0,0,0,0,0,0,0,0,0,0,0,0,0,0,0,0
T.Williams,T. Williams,Tamaiti,Williams,CRU,PR,,,104,0,0,0,0,0,0,0,0,0,0,0,0,0,0,0,0,0,0,0,0,0,0,0,0,0,0,0,0
S.Perofeta,S. Perofeta,Stephen,Perofeta,BLU,FH,OB,Starting,105,0,0,0,0,0,0,0,0,0,0,0,0,0,0,0,0,0,0,0,0,0,0,0,0,0,0,0,0
C.Gordon,C. Gordon,Carter,Gordon,RED,FH,,Out,106,0,0,0,0,0,0,0,0,0,0,0,0,0,0,0,0,0,0,0,0,0,0,0,0,0,0,0,0
E.de Groot,E. de Groot,Ethan,de Groot,HIG,PR,,Starting,107,0,0,0,0,0,0,0,0,0,0,0,0,0,0,0,0,0,0,0,0,0,0,0,0,0,0,0,0
F.Hurley,F. Hurley,Finn,Hurley,HIG,OB,,Foot - 5 weeks,108,0,0,0,0,0,0,0,0,0,0,0,0,0,0,0,0,0,0,0,0,0,0,0,0,0,0,0,0
P.Samu,P. Samu,Pete,Samu,WAR,LF,,Starting,109,0,0,0,0,0,0,0,0,0,0,0,0,0,0,0,0,0,0,0,0,0,0,0,0,0,0,0,0
P.Ahki,P. Ahki,Pita,Ahki,BLU,CE,,Starting,110,0,0,0,0,0,0,0,0,0,0,0,0,0,0,0,0,0,0,0,0,0,0,0,0,0,0,0,0
K.Boshier,K. Boshier,Kaylum,Boshier,CHI,LF,,Starting,111,0,0,0,0,0,0,0,0,0,0,0,0,0,0,0,0,0,0,0,0,0,0,0,0,0,0,0,0
J.Tamani,J. Tamani,Joseva,Tamani,DRU,LF,LK,,112,0,0,0,0,0,0,0,0,0,0,0,0,0,0,0,0,0,0,0,0,0,0,0,0,0,0,0,0
G.Bridge,G. Bridge,George,Bridge,FOR,CE,OB,Starting,113,0,0,0,0,0,0,0,0,0,0,0,0,0,0,0,0,0,0,0,0,0,0,0,0,0,0,0,0
L.Oviedo,L. Oviedo,Lionel,Oviedo,FOR,HO,,Benched,114,0,0,0,0,0,0,0,0,0,0,0,0,0,0,0,0,0,0,0,0,0,0,0,0,0,0,0,0
D.Pietsch,D. Pietsch,Dylan,Pietsch,FOR,OB,,Foot - Short Term,115,0,0,0,0,0,0,0,0,0,0,0,0,0,0,0,0,0,0,0,0,0,0,0,0,0,0,0,0
R.Valetini,R. Valetini,Rob,Valetini,BRU,LF,,Starting,116,0,0,0,0,0,0,0,0,0,0,0,0,0,0,0,0,0,0,0,0,0,0,0,0,0,0,0,0
O.Norris,O. Norris,Ollie,Norris,CHI,PR,,,117,0,0,0,0,0,0,0,0,0,0,0,0,0,0,0,0,0,0,0,0,0,0,0,0,0,0,0,0
N.Hastie,N. Hastie,Nathan,Hastie,FOR,HB,,Starting,118,0,0,0,0,0,0,0,0,0,0,0,0,0,0,0,0,0,0,0,0,0,0,0,0,0,0,0,0
H.Stewart,H. Stewart,Hamish,Stewart,FOR,CE,OB,Starting,119,0,0,0,0,0,0,0,0,0,0,0,0,0,0,0,0,0,0,0,0,0,0,0,0,0,0,0,0
K.Eklund,K. Eklund,Kurt,Eklund,BLU,HO,,,120,0,0,0,0,0,0,0,0,0,0,0,0,0,0,0,0,0,0,0,0,0,0,0,0,0,0,0,0
K.Koteka,K. Koteka,Kane,Koteka,FOR,LF,,,121,0,0,0,0,0,0,0,0,0,0,0,0,0,0,0,0,0,0,0,0,0,0,0,0,0,0,0,0
J.Taylor,J. Taylor,Jack,Taylor,HIG,HO,,Starting,122,0,0,0,0,0,0,0,0,0,0,0,0,0,0,0,0,0,0,0,0,0,0,0,0,0,0,0,0
J.Canham,J. Canham,Josh,Canham,RED,LK,,Starting,123,0,0,0,0,0,0,0,0,0,0,0,0,0,0,0,0,0,0,0,0,0,0,0,0,0,0,0,0
S.Barrett,S. Barrett,Scott,Barrett,CRU,LK,LF,,124,0,0,0,0,0,0,0,0,0,0,0,0,0,0,0,0,0,0,0,0,0,0,0,0,0,0,0,0
N.Punivai,N. Punivai,Ngatungane,Punivai,HUR,OB,CE,,125,0,0,0,0,0,0,0,0,0,0,0,0,0,0,0,0,0,0,0,0,0,0,0,0,0,0,0,0
T.Ryan,T. Ryan,Tim,Ryan,RED,OB,,Starting,126,0,0,0,0,0,0,0,0,0,0,0,0,0,0,0,0,0,0,0,0,0,0,0,0,0,0,0,0
M.Pearce,M. Pearce,Marley,Pearce,FOR,PR,,,127,0,0,0,0,0,0,0,0,0,0,0,0,0,0,0,0,0,0,0,0,0,0,0,0,0,0,0,0
X.Taele,X. Taele,Xavi,Taele,BLU,CE,,Benched,128,0,0,0,0,0,0,0,0,0,0,0,0,0,0,0,0,0,0,0,0,0,0,0,0,0,0,0,0
D.Swain,D. Swain,Darcy,Swain,FOR,LK,,Benched,129,0,0,0,0,0,0,0,0,0,0,0,0,0,0,0,0,0,0,0,0,0,0,0,0,0,0,0,0
V.Lasaqa,V. Lasaqa,Viveni,Lasaqa,HIG,LF,,Benched,130,0,0,0,0,0,0,0,0,0,0,0,0,0,0,0,0,0,0,0,0,0,0,0,0,0,0,0,0
L.Lalomilo,L. Lalomilo,Lalomilo,Lalomilo,MOP,CE,OB,Starting,131,0,0,0,0,0,0,0,0,0,0,0,0,0,0,0,0,0,0,0,0,0,0,0,0,0,0,0,0
T.Tele'a,T. Tele'a,Tanielu,Tele'a,HIG,CE,OB,Benched,132,0,0,0,0,0,0,0,0,0,0,0,0,0,0,0,0,0,0,0,0,0,0,0,0,0,0,0,0
G.Bell,G. Bell,George,Bell,CRU,HO,,Starting,133,0,0,0,0,0,0,0,0,0,0,0,0,0,0,0,0,0,0,0,0,0,0,0,0,0,0,0,0
P.Pellegrini,P. Pellegrini,Patrick,Pellegrini,MOP,FH,,Starting,134,0,0,0,0,0,0,0,0,0,0,0,0,0,0,0,0,0,0,0,0,0,0,0,0,0,0,0,0
S.Vikena,S. Vikena,Soane,Vikena,HIG,HO,,,135,0,0,0,0,0,0,0,0,0,0,0,0,0,0,0,0,0,0,0,0,0,0,0,0,0,0,0,0
S.Withy,S. Withy,Sean,Withy,HIG,LF,,Starting,136,0,0,0,0,0,0,0,0,0,0,0,0,0,0,0,0,0,0,0,0,0,0,0,0,0,0,0,0
F.Sae-Ta'ufo'ou,F. Sae-Ta'ufo'ou,Feleti,Sae-Ta'ufo'ou,MOP,PR,,Benched,137,0,0,0,0,0,0,0,0,0,0,0,0,0,0,0,0,0,0,0,0,0,0,0,0,0,0,0,0
F.Holland,F. Holland,Fabian,Holland,HIG,LK,,Shoulder - Season,138,0,0,0,0,0,0,0,0,0,0,0,0,0,0,0,0,0,0,0,0,0,0,0,0,0,0,0,0
Z.Sullivan,Z. Sullivan,Zarn,Sullivan,BLU,OB,FH,Starting,139,0,0,0,0,0,0,0,0,0,0,0,0,0,0,0,0,0,0,0,0,0,0,0,0,0,0,0,0
C.Forbes,C. Forbes,Cole,Forbes,BLU,OB,,Starting,140,0,0,0,0,0,0,0,0,0,0,0,0,0,0,0,0,0,0,0,0,0,0,0,0,0,0,0,0
S.Finau,S. Finau,Samipeni,Finau,CHI,LF,LK,Benched,141,0,0,0,0,0,0,0,0,0,0,0,0,0,0,0,0,0,0,0,0,0,0,0,0,0,0,0,0
W.Dearns,W. Dearns,Warner,Dearns,HUR,LK,,,142,0,0,0,0,0,0,0,0,0,0,0,0,0,0,0,0,0,0,0,0,0,0,0,0,0,0,0,0
J.Moorby,J. Moorby,Josh,Moorby,HUR,OB,,,143,0,0,0,0,0,0,0,0,0,0,0,0,0,0,0,0,0,0,0,0,0,0,0,0,0,0,0,0
L.Coombes-Fabling,L. Coombes-Fabling,Liam,Coombes-Fabling,CHI,OB,,Starting,144,0,0,0,0,0,0,0,0,0,0,0,0,0,0,0,0,0,0,0,0,0,0,0,0,0,0,0,0
S.Alaimalo,S. Alaimalo,Solomon,Alaimalo,MOP,OB,,Starting,145,0,0,0,0,0,0,0,0,0,0,0,0,0,0,0,0,0,0,0,0,0,0,0,0,0,0,0,0
L.Creighton,L. Creighton,Lawson,Creighton,WAR,FH,OB,Starting,146,0,0,0,0,0,0,0,0,0,0,0,0,0,0,0,0,0,0,0,0,0,0,0,0,0,0,0,0
K.Banks,K. Banks,Kade,Banks,BLU,OB,,,147,0,0,0,0,0,0,0,0,0,0,0,0,0,0,0,0,0,0,0,0,0,0,0,0,0,0,0,0
E.Momo,E. Momo,Epeli,Momo,DRU,OB,,,148,0,0,0,0,0,0,0,0,0,0,0,0,0,0,0,0,0,0,0,0,0,0,0,0,0,0,0,0
I.Leota,I. Leota,Israel,Leota,MOP,OB,,,149,0,0,0,0,0,0,0,0,0,0,0,0,0,0,0,0,0,0,0,0,0,0,0,0,0,0,0,0
T.Tuitama,T. Tuitama,Tuna,Tuitama,MOP,OB,,,150,0,0,0,0,0,0,0,0,0,0,0,0,0,0,0,0,0,0,0,0,0,0,0,0,0,0,0,0
S.Harvey,S. Harvey,Sid,Harvey,WAR,OB,,,151,0,0,0,0,0,0,0,0,0,0,0,0,0,0,0,0,0,0,0,0,0,0,0,0,0,0,0,0
B.Kuenzle,B. Kuenzle,Bailey,Kuenzle,FOR,CE,OB,Starting,152,0,0,0,0,0,0,0,0,0,0,0,0,0,0,0,0,0,0,0,0,0,0,0,0,0,0,0,0
S.Wilcox,S. Wilcox,Shane,Wilcox,BRU,OB,,,153,0,0,0,0,0,0,0,0,0,0,0,0,0,0,0,0,0,0,0,0,0,0,0,0,0,0,0,0
N.Conway,N. Conway,Nicholas,Conway,RED,OB,,,154,0,0,0,0,0,0,0,0,0,0,0,0,0,0,0,0,0,0,0,0,0,0,0,0,0,0,0,0
P.Spencer,P. Spencer,Payton,Spencer,BLU,OB,,Concussion,155,0,0,0,0,0,0,0,0,0,0,0,0,0,0,0,0,0,0,0,0,0,0,0,0,0,0,0,0
I.Hutchinson,I. Hutchinson,Isaac,Hutchinson,CHI,OB,,Knee - Round 8,156,0,0,0,0,0,0,0,0,0,0,0,0,0,0,0,0,0,0,0,0,0,0,0,0,0,0,0,0
I.Basiyalo,I. Basiyalo,Isikeli,Basiyalo,DRU,OB,,,157,0,0,0,0,0,0,0,0,0,0,0,0,0,0,0,0,0,0,0,0,0,0,0,0,0,0,0,0
I.Droasese,I. Droasese,Ilaisa,Droasese,DRU,OB,CE,,158,0,0,0,0,0,0,0,0,0,0,0,0,0,0,0,0,0,0,0,0,0,0,0,0,0,0,0,0
G.Vaihu,G. Vaihu,Glen,Vaihu,MOP,OB,CE,Benched,159,0,0,0,0,0,0,0,0,0,0,0,0,0,0,0,0,0,0,0,0,0,0,0,0,0,0,0,0
H.Murray,H. Murray,Heremaia,Murray,RED,OB,,Out,160,0,0,0,0,0,0,0,0,0,0,0,0,0,0,0,0,0,0,0,0,0,0,0,0,0,0,0,0
D.Lancaster,D. Lancaster,Darby,Lancaster,FOR,OB,,Thigh - Short Term,161,0,0,0,0,0,0,0,0,0,0,0,0,0,0,0,0,0,0,0,0,0,0,0,0,0,0,0,0
R.Leahy,R. Leahy,Ronan,Leahy,FOR,OB,CE,,162,0,0,0,0,0,0,0,0,0,0,0,0,0,0,0,0,0,0,0,0,0,0,0,0,0,0,0,0
W.McCulloch,W. McCulloch,Will,McCulloch,RED,OB,,Out,163,0,0,0,0,0,0,0,0,0,0,0,0,0,0,0,0,0,0,0,0,0,0,0,0,0,0,0,0
X.Tito-Harris,X. Tito-Harris,Xavier,Tito-Harris,HIG,OB,,Hamstring - 2 weeks,164,0,0,0,0,0,0,0,0,0,0,0,0,0,0,0,0,0,0,0,0,0,0,0,0,0,0,0,0
K.Oates,K. Oates,Kye,Oates,BRU,OB,,,165,0,0,0,0,0,0,0,0,0,0,0,0,0,0,0,0,0,0,0,0,0,0,0,0,0,0,0,0
C.Vai,C. Vai,Codemeru,Vai,BLU,OB,,Benched,166,0,0,0,0,0,0,0,0,0,0,0,0,0,0,0,0,0,0,0,0,0,0,0,0,0,0,0,0
M.Kunawave,M. Kunawave,Maloni,Kunawave,CRU,OB,,Hamstring - 6-8 weeks,167,0,0,0,0,0,0,0,0,0,0,0,0,0,0,0,0,0,0,0,0,0,0,0,0,0,0,0,0
A.Nawai,A. Nawai,Aisea,Nawai,DRU,OB,HB,,168,0,0,0,0,0,0,0,0,0,0,0,0,0,0,0,0,0,0,0,0,0,0,0,0,0,0,0,0
S.Solomon,S. Solomon,Stanley,Solomon,HIG,OB,,Shoulder - 2 weeks,169,0,0,0,0,0,0,0,0,0,0,0,0,0,0,0,0,0,0,0,0,0,0,0,0,0,0,0,0
O.Sapsford,O. Sapsford,Ollie,Sapsford,BRU,OB,CE,Starting,170,0,0,0,0,0,0,0,0,0,0,0,0,0,0,0,0,0,0,0,0,0,0,0,0,0,0,0,0
J.Hendren,J. Hendren,James,Hendren,WAR,OB,,Starting,171,0,0,0,0,0,0,0,0,0,0,0,0,0,0,0,0,0,0,0,0,0,0,0,0,0,0,0,0
L.Jaques,L. Jaques,Leo,Jaques,WAR,OB,,,172,0,0,0,0,0,0,0,0,0,0,0,0,0,0,0,0,0,0,0,0,0,0,0,0,0,0,0,0
T.Pritchard,T. Pritchard,Treyvon,Pritchard,RED,OB,,,173,0,0,0,0,0,0,0,0,0,0,0,0,0,0,0,0,0,0,0,0,0,0,0,0,0,0,0,0
P.Tuipulotu,P. Tuipulotu,Patrick,Tuipulotu,BLU,LK,,Shoulder,174,0,0,0,0,0,0,0,0,0,0,0,0,0,0,0,0,0,0,0,0,0,0,0,0,0,0,0,0
E.Blackadder,E. Blackadder,Ethan,Blackadder,CRU,LF,,Starting,175,0,0,0,0,0,0,0,0,0,0,0,0,0,0,0,0,0,0,0,0,0,0,0,0,0,0,0,0
L.Reimer,L. Reimer,Luke,Reimer,BRU,LF,,Benched,176,0,0,0,0,0,0,0,0,0,0,0,0,0,0,0,0,0,0,0,0,0,0,0,0,0,0,0,0
J.Beehre,J. Beehre,Josh,Beehre,BLU,LK,,Starting,177,0,0,0,0,0,0,0,0,0,0,0,0,0,0,0,0,0,0,0,0,0,0,0,0,0,0,0,0
T.Howden,T. Howden,Te Kamaka,Howden,HIG,LF,LK,Starting,178,0,0,0,0,0,0,0,0,0,0,0,0,0,0,0,0,0,0,0,0,0,0,0,0,0,0,0,0
H.Paisami,H. Paisami,Hunter,Paisami,RED,CE,,Starting,179,0,0,0,0,0,0,0,0,0,0,0,0,0,0,0,0,0,0,0,0,0,0,0,0,0,0,0,0
D.Palu,D. Palu,Divad,Palu,FOR,CE,OB,Starting,180,0,0,0,0,0,0,0,0,0,0,0,0,0,0,0,0,0,0,0,0,0,0,0,0,0,0,0,0
J.Jacomb,J. Jacomb,Josh,Jacomb,CHI,FH,,Starting,181,0,0,0,0,0,0,0,0,0,0,0,0,0,0,0,0,0,0,0,0,0,0,0,0,0,0,0,0
F.Newell,F. Newell,Fletcher,Newell,CRU,PR,,Benched,182,0,0,0,0,0,0,0,0,0,0,0,0,0,0,0,0,0,0,0,0,0,0,0,0,0,0,0,0
J.Fusitu'a,J. Fusitu'a,Joshua,Fusitu'a,BLU,PR,,Starting,183,0,0,0,0,0,0,0,0,0,0,0,0,0,0,0,0,0,0,0,0,0,0,0,0,0,0,0,0
S.Parker,S. Parker,Simon,Parker,CHI,LF,,,184,0,0,0,0,0,0,0,0,0,0,0,0,0,0,0,0,0,0,0,0,0,0,0,0,0,0,0,0
C.Delany,C. Delany,Caleb,Delany,HUR,LK,LF,,185,0,0,0,0,0,0,0,0,0,0,0,0,0,0,0,0,0,0,0,0,0,0,0,0,0,0,0,0
H.Hetet,H. Hetet,Haereiti,Hetet,DRU,PR,,,186,0,0,0,0,0,0,0,0,0,0,0,0,0,0,0,0,0,0,0,0,0,0,0,0,0,0,0,0
B.Shields,B. Shields,Brad,Shields,HUR,LF,,Finger,187,0,0,0,0,0,0,0,0,0,0,0,0,0,0,0,0,0,0,0,0,0,0,0,0,0,0,0,0
I.Armstrong-Ravula,I. Armstrong-Ravula,Isaiah,Armstrong-Ravula,DRU,FH,OB,,188,0,0,0,0,0,0,0,0,0,0,0,0,0,0,0,0,0,0,0,0,0,0,0,0,0,0,0,0
C.Gamble,C. Gamble,Charlie,Gamble,WAR,LF,,Starting,189,0,0,0,0,0,0,0,0,0,0,0,0,0,0,0,0,0,0,0,0,0,0,0,0,0,0,0,0
L.Lonergan,L. Lonergan,Lachlan,Lonergan,BRU,HO,,Knee,190,0,0,0,0,0,0,0,0,0,0,0,0,0,0,0,0,0,0,0,0,0,0,0,0,0,0,0,0
M.Vocevoce,M. Vocevoce,Mesake,Vocevoce,DRU,LK,LF,,191,0,0,0,0,0,0,0,0,0,0,0,0,0,0,0,0,0,0,0,0,0,0,0,0,0,0,0,0
J.Slipper,J. Slipper,James,Slipper,BRU,PR,,Starting,192,0,0,0,0,0,0,0,0,0,0,0,0,0,0,0,0,0,0,0,0,0,0,0,0,0,0,0,0
F.Lomani,F. Lomani,Frank,Lomani,DRU,HB,,,193,0,0,0,0,0,0,0,0,0,0,0,0,0,0,0,0,0,0,0,0,0,0,0,0,0,0,0,0
H.Renton,H. Renton,Hugh,Renton,HIG,LF,,,194,0,0,0,0,0,0,0,0,0,0,0,0,0,0,0,0,0,0,0,0,0,0,0,0,0,0,0,0
T.Wilson,T. Wilson,Teddy,Wilson,WAR,HB,,Benched,195,0,0,0,0,0,0,0,0,0,0,0,0,0,0,0,0,0,0,0,0,0,0,0,0,0,0,0,0
K.Beale,K. Beale,Kurtley,Beale,FOR,CE,OB,Benched,196,0,0,0,0,0,0,0,0,0,0,0,0,0,0,0,0,0,0,0,0,0,0,0,0,0,0,0,0
I.Rabitu,I. Rabitu,Isikeli,Rabitu,DRU,FH,OB,,197,0,0,0,0,0,0,0,0,0,0,0,0,0,0,0,0,0,0,0,0,0,0,0,0,0,0,0,0
S.Darry,S. Darry,Sam,Darry,BLU,LK,,Starting,198,0,0,0,0,0,0,0,0,0,0,0,0,0,0,0,0,0,0,0,0,0,0,0,0,0,0,0,0
F.Fainga'a,F. Fainga'a,Folau,Fainga'a,WAR,HO,,Benched,199,0,0,0,0,0,0,0,0,0,0,0,0,0,0,0,0,0,0,0,0,0,0,0,0,0,0,0,0
N.Champion de Crespigny,N. Champion de Crespigny,Nick,Champion de Crespigny,FOR,LF,,Starting,200,0,0,0,0,0,0,0,0,0,0,0,0,0,0,0,0,0,0,0,0,0,0,0,0,0,0,0,0
J.Nasser,J. Nasser,Josh,Nasser,RED,HO,,Out,201,0,0,0,0,0,0,0,0,0,0,0,0,0,0,0,0,0,0,0,0,0,0,0,0,0,0,0,0
S.Ma'u,S. Ma'u,Saula,Ma'u,HIG,PR,,Shoulder - 8 weeks,202,0,0,0,0,0,0,0,0,0,0,0,0,0,0,0,0,0,0,0,0,0,0,0,0,0,0,0,0
T.Thompson,T. Thompson,Tyrone,Thompson,CHI,HO,,Benched,203,0,0,0,0,0,0,0,0,0,0,0,0,0,0,0,0,0,0,0,0,0,0,0,0,0,0,0,0
R.Tuputupu,R. Tuputupu,Raymond,Tuputupu,HUR,HO,,,204,0,0,0,0,0,0,0,0,0,0,0,0,0,0,0,0,0,0,0,0,0,0,0,0,0,0,0,0
I.Fines-Leleiwasa,I. Fines-Leleiwasa,Issak,Fines-Leleiwasa,DRU,HB,,,205,0,0,0,0,0,0,0,0,0,0,0,0,0,0,0,0,0,0,0,0,0,0,0,0,0,0,0,0
A.Scott-Young,A. Scott-Young,Angus,Scott-Young,WAR,LF,LK,Calf,206,0,0,0,0,0,0,0,0,0,0,0,0,0,0,0,0,0,0,0,0,0,0,0,0,0,0,0,0
T.Lavanini,T. Lavanini,Tomas,Lavanini,HIG,LK,,,207,0,0,0,0,0,0,0,0,0,0,0,0,0,0,0,0,0,0,0,0,0,0,0,0,0,0,0,0
T.Mayanavanua,T. Mayanavanua,Temo,Mayanavanua,DRU,LK,,,208,0,0,0,0,0,0,0,0,0,0,0,0,0,0,0,0,0,0,0,0,0,0,0,0,0,0,0,0
L.Bowron,L. Bowron,Liam,Bowron,BRU,HO,,Benched,209,0,0,0,0,0,0,0,0,0,0,0,0,0,0,0,0,0,0,0,0,0,0,0,0,0,0,0,0
M.Letiu,M. Letiu,Manumaua,Letiu,CRU,HO,,,210,0,0,0,0,0,0,0,0,0,0,0,0,0,0,0,0,0,0,0,0,0,0,0,0,0,0,0,0
S.Moli,S. Moli,Samiuela,Moli,MOP,HO,,Benched,211,0,0,0,0,0,0,0,0,0,0,0,0,0,0,0,0,0,0,0,0,0,0,0,0,0,0,0,0
C.Mickelson,C. Mickelson,Chris,Mickelson,BRU,HO,,,212,0,0,0,0,0,0,0,0,0,0,0,0,0,0,0,0,0,0,0,0,0,0,0,0,0,0,0,0
M.Harada,M. Harada,Mamoru,Harada,MOP,HO,,,213,0,0,0,0,0,0,0,0,0,0,0,0,0,0,0,0,0,0,0,0,0,0,0,0,0,0,0,0
H.Bell,H. Bell,Henry,Bell,HIG,HO,,Benched,214,0,0,0,0,0,0,0,0,0,0,0,0,0,0,0,0,0,0,0,0,0,0,0,0,0,0,0,0
V.Bason,V. Bason,Vernon,Bason,HUR,HO,,,215,0,0,0,0,0,0,0,0,0,0,0,0,0,0,0,0,0,0,0,0,0,0,0,0,0,0,0,0
K.Tagivetaua,K. Tagivetaua,Kavaia,Tagivetaua,DRU,HO,,,216,0,0,0,0,0,0,0,0,0,0,0,0,0,0,0,0,0,0,0,0,0,0,0,0,0,0,0,0
T.Kolose,T. Kolose,Taine,Kolose,CHI,HO,,,217,0,0,0,0,0,0,0,0,0,0,0,0,0,0,0,0,0,0,0,0,0,0,0,0,0,0,0,0
J.Mullan,J. Mullan,James,Mullan,BLU,HO,,Benched,218,0,0,0,0,0,0,0,0,0,0,0,0,0,0,0,0,0,0,0,0,0,0,0,0,0,0,0,0
M.Dolokoto,M. Dolokoto,Mesulame,Dolokoto,DRU,HO,,,219,0,0,0,0,0,0,0,0,0,0,0,0,0,0,0,0,0,0,0,0,0,0,0,0,0,0,0,0
Z.Togiatama,Z. Togiatama,Zuriel,Togiatama,DRU,HO,,,220,0,0,0,0,0,0,0,0,0,0,0,0,0,0,0,0,0,0,0,0,0,0,0,0,0,0,0,0
A.Alcock,A. Alcock,Albert,Alcock,FOR,HO,,,221,0,0,0,0,0,0,0,0,0,0,0,0,0,0,0,0,0,0,0,0,0,0,0,0,0,0,0,0
A.Segner,A. Segner,Anton,Segner,BLU,LF,,Benched,222,0,0,0,0,0,0,0,0,0,0,0,0,0,0,0,0,0,0,0,0,0,0,0,0,0,0,0,0
T.Lomax,T. Lomax,Tyrel,Lomax,HUR,PR,,,223,0,0,0,0,0,0,0,0,0,0,0,0,0,0,0,0,0,0,0,0,0,0,0,0,0,0,0,0
D.Pakeho,D. Pakeho,Dre,Pakeho,RED,CE,,,224,0,0,0,0,0,0,0,0,0,0,0,0,0,0,0,0,0,0,0,0,0,0,0,0,0,0,0,0
T.Taii Tualima,T. Taii Tualima,Tuaina,Taii Tualima,BRU,LF,LK,,225,0,0,0,0,0,0,0,0,0,0,0,0,0,0,0,0,0,0,0,0,0,0,0,0,0,0,0,0
J.Hannah,J. Hannah,Jamie,Hannah,CRU,LK,,Starting,226,0,0,0,0,0,0,0,0,0,0,0,0,0,0,0,0,0,0,0,0,0,0,0,0,0,0,0,0
T.Robinson,T. Robinson,Taine,Robinson,HIG,FH,OB,,227,0,0,0,0,0,0,0,0,0,0,0,0,0,0,0,0,0,0,0,0,0,0,0,0,0,0,0,0
W.Harris,W. Harris,Will,Harris,FOR,LF,,Benched,228,0,0,0,0,0,0,0,0,0,0,0,0,0,0,0,0,0,0,0,0,0,0,0,0,0,0,0,0
J.Taumateine,J. Taumateine,Jonathan,Taumateine,MOP,HB,,Starting,229,0,0,0,0,0,0,0,0,0,0,0,0,0,0,0,0,0,0,0,0,0,0,0,0,0,0,0,0
R.Scott,R. Scott,Rory,Scott,BRU,LF,,Starting,230,0,0,0,0,0,0,0,0,0,0,0,0,0,0,0,0,0,0,0,0,0,0,0,0,0,0,0,0
I.Tabuavou,I. Tabuavou,Inia,Tabuavou,DRU,CE,,,231,0,0,0,0,0,0,0,0,0,0,0,0,0,0,0,0,0,0,0,0,0,0,0,0,0,0,0,0
H.McLauglin-Phillips,H. McLauglin-Phillips,Harry,McLauglin-Phillips,RED,FH,,Starting,232,0,0,0,0,0,0,0,0,0,0,0,0,0,0,0,0,0,0,0,0,0,0,0,0,0,0,0,0
T.Kemara,T. Kemara,Taha,Kemara,CRU,FH,,Benched,233,0,0,0,0,0,0,0,0,0,0,0,0,0,0,0,0,0,0,0,0,0,0,0,0,0,0,0,0
C.Evans,C. Evans,Corey,Evans,BLU,CE,OB,Ankle,234,0,0,0,0,0,0,0,0,0,0,0,0,0,0,0,0,0,0,0,0,0,0,0,0,0,0,0,0
J.Savea,J. Savea,Julian,Savea,MOP,CE,OB,,235,0,0,0,0,0,0,0,0,0,0,0,0,0,0,0,0,0,0,0,0,0,0,0,0,0,0,0,0
Z.Nonggorr,Z. Nonggorr,Zane,Nonggorr,RED,PR,,Starting,236,0,0,0,0,0,0,0,0,0,0,0,0,0,0,0,0,0,0,0,0,0,0,0,0,0,0,0,0
K.Salawa,K. Salawa,Kitione,Salawa,DRU,LF,,,237,0,0,0,0,0,0,0,0,0,0,0,0,0,0,0,0,0,0,0,0,0,0,0,0,0,0,0,0
I.Tuwai,I. Tuwai,Isoa,Tuwai,DRU,LF,,,238,0,0,0,0,0,0,0,0,0,0,0,0,0,0,0,0,0,0,0,0,0,0,0,0,0,0,0,0
T.Edmed,T. Edmed,Tane,Edmed,BRU,FH,,Benched,239,0,0,0,0,0,0,0,0,0,0,0,0,0,0,0,0,0,0,0,0,0,0,0,0,0,0,0,0
F.Christie,F. Christie,Finlay,Christie,BLU,HB,,Starting,240,0,0,0,0,0,0,0,0,0,0,0,0,0,0,0,0,0,0,0,0,0,0,0,0,0,0,0,0
C.Christie,C. Christie,Cameron,Christie,BLU,LF,LK,Knee - Season,241,0,0,0,0,0,0,0,0,0,0,0,0,0,0,0,0,0,0,0,0,0,0,0,0,0,0,0,0
L.Foketi,L. Foketi,Lalakai,Foketi,CHI,CE,,Knee - Round 3,242,0,0,0,0,0,0,0,0,0,0,0,0,0,0,0,0,0,0,0,0,0,0,0,0,0,0,0,0
V.Ekuasi,V. Ekuasi,Vaiolini,Ekuasi,FOR,LF,,Starting,243,0,0,0,0,0,0,0,0,0,0,0,0,0,0,0,0,0,0,0,0,0,0,0,0,0,0,0,0
D.McLeod,D. McLeod,Dallas,McLeod,CRU,CE,OB,,244,0,0,0,0,0,0,0,0,0,0,0,0,0,0,0,0,0,0,0,0,0,0,0,0,0,0,0,0
J.Brown,J. Brown,Jahrome,Brown,CHI,LF,,Starting,245,0,0,0,0,0,0,0,0,0,0,0,0,0,0,0,0,0,0,0,0,0,0,0,0,0,0,0,0
I.Namoce,I. Namoce,Iosefo,Namoce,DRU,CE,,,246,0,0,0,0,0,0,0,0,0,0,0,0,0,0,0,0,0,0,0,0,0,0,0,0,0,0,0,0
C.Millar,C. Millar,Cameron,Millar,HIG,FH,,Starting,247,0,0,0,0,0,0,0,0,0,0,0,0,0,0,0,0,0,0,0,0,0,0,0,0,0,0,0,0
M.Dunshea,M. Dunshea,Mitch,Dunshea,HIG,LK,,Starting,248,0,0,0,0,0,0,0,0,0,0,0,0,0,0,0,0,0,0,0,0,0,0,0,0,0,0,0,0
N.Jones,N. Jones,Niko,Jones,MOP,LF,,Foot,249,0,0,0,0,0,0,0,0,0,0,0,0,0,0,0,0,0,0,0,0,0,0,0,0,0,0,0,0
J.Garden-Bachop,J. Garden-Bachop,Jackson,Garden-Bachop,MOP,FH,,,250,0,0,0,0,0,0,0,0,0,0,0,0,0,0,0,0,0,0,0,0,0,0,0,0,0,0,0,0
J.Nasova,J. Nasova,Joji,Nasova,DRU,CE,,,251,0,0,0,0,0,0,0,0,0,0,0,0,0,0,0,0,0,0,0,0,0,0,0,0,0,0,0,0
T.Samusamuvodre,T. Samusamuvodre,Tuidraki,Samusamuvodre,DRU,CE,OB,,252,0,0,0,0,0,0,0,0,0,0,0,0,0,0,0,0,0,0,0,0,0,0,0,0,0,0,0,0
L.Cashmore,L. Cashmore,Lucas,Cashmore,HUR,FH,,,253,0,0,0,0,0,0,0,0,0,0,0,0,0,0,0,0,0,0,0,0,0,0,0,0,0,0,0,0
C.Kellow,C. Kellow,Corey,Kellow,CRU,LF,,Benched,254,0,0,0,0,0,0,0,0,0,0,0,0,0,0,0,0,0,0,0,0,0,0,0,0,0,0,0,0
D.Gardiner,D. Gardiner,Dominic,Gardiner,CRU,LF,LK,Starting,255,0,0,0,0,0,0,0,0,0,0,0,0,0,0,0,0,0,0,0,0,0,0,0,0,0,0,0,0
T.Cook-Savage,T. Cook-Savage,Tepaea,Cook-Savage,CHI,FH,OB,Benched,256,0,0,0,0,0,0,0,0,0,0,0,0,0,0,0,0,0,0,0,0,0,0,0,0,0,0,0,0
C.Clark,C. Clark,Che,Clark,BLU,LF,,,257,0,0,0,0,0,0,0,0,0,0,0,0,0,0,0,0,0,0,0,0,0,0,0,0,0,0,0,0
H.Creighton,H. Creighton,Hudson,Creighton,BRU,CE,OB,,258,0,0,0,0,0,0,0,0,0,0,0,0,0,0,0,0,0,0,0,0,0,0,0,0,0,0,0,0
M.Wrampling,M. Wrampling,Malachi,Wrampling,BLU,LF,,Concussion,259,0,0,0,0,0,0,0,0,0,0,0,0,0,0,0,0,0,0,0,0,0,0,0,0,0,0,0,0
R.Pasitoa,R. Pasitoa,Reesjan,Pasitoa,HIG,CE,FH,Benched,260,0,0,0,0,0,0,0,0,0,0,0,0,0,0,0,0,0,0,0,0,0,0,0,0,0,0,0,0
A.Poliko,A. Poliko,Arese,Poliko,HUR,LF,,,261,0,0,0,0,0,0,0,0,0,0,0,0,0,0,0,0,0,0,0,0,0,0,0,0,0,0,0,0
J.Debreczeni,J. Debreczeni,Jack,Debreczeni,WAR,FH,OB,Benched,262,0,0,0,0,0,0,0,0,0,0,0,0,0,0,0,0,0,0,0,0,0,0,0,0,0,0,0,0
A.Tuivailala,A. Tuivailala,Aki,Tuivailala,CRU,CE,OB,,263,0,0,0,0,0,0,0,0,0,0,0,0,0,0,0,0,0,0,0,0,0,0,0,0,0,0,0,0
J.Te Hiwi,J. Te Hiwi,Jake,Te Hiwi,HIG,CE,OB,,264,0,0,0,0,0,0,0,0,0,0,0,0,0,0,0,0,0,0,0,0,0,0,0,0,0,0,0,0
W.Stodart,W. Stodart,Will,Stodart,HIG,LF,LK,Benched,265,0,0,0,0,0,0,0,0,0,0,0,0,0,0,0,0,0,0,0,0,0,0,0,0,0,0,0,0
R.Simpson,R. Simpson,Rico,Simpson,BLU,FH,OB,,266,0,0,0,0,0,0,0,0,0,0,0,0,0,0,0,0,0,0,0,0,0,0,0,0,0,0,0,0
K.Brown,K. Brown,Kyle,Brown,CHI,CE,,Benched,267,0,0,0,0,0,0,0,0,0,0,0,0,0,0,0,0,0,0,0,0,0,0,0,0,0,0,0,0
D.Meredith,D. Meredith,Declan,Meredith,BRU,FH,,Starting,268,0,0,0,0,0,0,0,0,0,0,0,0,0,0,0,0,0,0,0,0,0,0,0,0,0,0,0,0
D.Feliuai,D. Feliuai,David,Feliuai,BRU,CE,,Starting,269,0,0,0,0,0,0,0,0,0,0,0,0,0,0,0,0,0,0,0,0,0,0,0,0,0,0,0,0
T.Macpherson,T. Macpherson,Toby,Macpherson,BRU,LF,LK,,270,0,0,0,0,0,0,0,0,0,0,0,0,0,0,0,0,0,0,0,0,0,0,0,0,0,0,0,0
T.Ma'afu-Afungia,T. Ma'afu-Afungia,Tupou,Ma'afu-Afungia,MOP,LF,,Neck,271,0,0,0,0,0,0,0,0,0,0,0,0,0,0,0,0,0,0,0,0,0,0,0,0,0,0,0,0
J.Timu,J. Timu,Josh,Timu,HUR,CE,,,272,0,0,0,0,0,0,0,0,0,0,0,0,0,0,0,0,0,0,0,0,0,0,0,0,0,0,0,0
J.Adamson,J. Adamson,Jamie,Adamson,WAR,LF,,,273,0,0,0,0,0,0,0,0,0,0,0,0,0,0,0,0,0,0,0,0,0,0,0,0,0,0,0,0
N.Broughton,N. Broughton,Nikora,Broughton,HIG,LF,,,274,0,0,0,0,0,0,0,0,0,0,0,0,0,0,0,0,0,0,0,0,0,0,0,0,0,0,0,0
J.Bowen,J. Bowen,Jack,Bowen,WAR,FH,,,275,0,0,0,0,0,0,0,0,0,0,0,0,0,0,0,0,0,0,0,0,0,0,0,0,0,0,0,0
F.Goldsbrough,F. Goldsbrough,Frankie,Goldsbrough,RED,CE,,,276,0,0,0,0,0,0,0,0,0,0,0,0,0,0,0,0,0,0,0,0,0,0,0,0,0,0,0,0
M.Burey,M. Burey,Max,Burey,FOR,FH,OB,Benched,277,0,0,0,0,0,0,0,0,0,0,0,0,0,0,0,0,0,0,0,0,0,0,0,0,0,0,0,0
M.Philip,M. Philip,Matt,Philip,WAR,LK,,Starting,278,0,0,0,0,0,0,0,0,0,0,0,0,0,0,0,0,0,0,0,0,0,0,0,0,0,0,0,0
B.Fakafanua,B. Fakafanua,Boston,Fakafanua,FOR,CE,,,279,0,0,0,0,0,0,0,0,0,0,0,0,0,0,0,0,0,0,0,0,0,0,0,0,0,0,0,0
J.White,J. White,James,White,CRU,FH,,,280,0,0,0,0,0,0,0,0,0,0,0,0,0,0,0,0,0,0,0,0,0,0,0,0,0,0,0,0
M.Tuitubou,M. Tuitubou,Maika,Tuitubou,DRU,CE,,,281,0,0,0,0,0,0,0,0,0,0,0,0,0,0,0,0,0,0,0,0,0,0,0,0,0,0,0,0
F.Peni,F. Peni,Faletoi,Peni,MOP,FH,CE,,282,0,0,0,0,0,0,0,0,0,0,0,0,0,0,0,0,0,0,0,0,0,0,0,0,0,0,0,0
X.Saifoloi,X. Saifoloi,Xavier,Saifoloi,CRU,LF,,,283,0,0,0,0,0,0,0,0,0,0,0,0,0,0,0,0,0,0,0,0,0,0,0,0,0,0,0,0
T.Latu,T. Latu,Tevita,Latu,MOP,CE,OB,Knee,284,0,0,0,0,0,0,0,0,0,0,0,0,0,0,0,0,0,0,0,0,0,0,0,0,0,0,0,0
T.Bell,T. Bell,Toby,Bell,CRU,CE,,,285,0,0,0,0,0,0,0,0,0,0,0,0,0,0,0,0,0,0,0,0,0,0,0,0,0,0,0,0
T.Peita,T. Peita,Terrell,Peita,BLU,LF,,,286,0,0,0,0,0,0,0,0,0,0,0,0,0,0,0,0,0,0,0,0,0,0,0,0,0,0,0,0
K.Valetini,K. Valetini,Kemu,Valetini,DRU,FH,CE,,287,0,0,0,0,0,0,0,0,0,0,0,0,0,0,0,0,0,0,0,0,0,0,0,0,0,0,0,0
J.Bryant,J. Bryant,John,Bryant,RED,LF,,Benched,288,0,0,0,0,0,0,0,0,0,0,0,0,0,0,0,0,0,0,0,0,0,0,0,0,0,0,0,0
O.Tauelangi,O. Tauelangi,Ola,Tauelangi,MOP,LF,LK,Back,289,0,0,0,0,0,0,0,0,0,0,0,0,0,0,0,0,0,0,0,0,0,0,0,0,0,0,0,0
A.Harford,A. Harford,Alex,Harford,FOR,FH,,Shoulder - Long Term,290,0,0,0,0,0,0,0,0,0,0,0,0,0,0,0,0,0,0,0,0,0,0,0,0,0,0,0,0
A.Durbidge,A. Durbidge,Austin,Durbidge,WAR,LF,,Forearm,291,0,0,0,0,0,0,0,0,0,0,0,0,0,0,0,0,0,0,0,0,0,0,0,0,0,0,0,0
B.Volavola,B. Volavola,Ben,Volavola,RED,FH,OB,Out,292,0,0,0,0,0,0,0,0,0,0,0,0,0,0,0,0,0,0,0,0,0,0,0,0,0,0,0,0
J.Whaanga,J. Whaanga,Josh,Whaanga,HIG,CE,OB,,293,0,0,0,0,0,0,0,0,0,0,0,0,0,0,0,0,0,0,0,0,0,0,0,0,0,0,0,0
A.Knewstubb,A. Knewstubb,Andrew,Knewstubb,HIG,FH,OB,Quad - 2 weeks,294,0,0,0,0,0,0,0,0,0,0,0,0,0,0,0,0,0,0,0,0,0,0,0,0,0,0,0,0
G.Poolman,G. Poolman,George,Poolman,WAR,CE,OB,,295,0,0,0,0,0,0,0,0,0,0,0,0,0,0,0,0,0,0,0,0,0,0,0,0,0,0,0,0
J.Cameron,J. Cameron,James,Cameron,BLU,CE,,,296,0,0,0,0,0,0,0,0,0,0,0,0,0,0,0,0,0,0,0,0,0,0,0,0,0,0,0,0
K.Pritchard,K. Pritchard,Kadin,Pritchard,BRU,CE,,Starting,297,0,0,0,0,0,0,0,0,0,0,0,0,0,0,0,0,0,0,0,0,0,0,0,0,0,0,0,0
A.Anderson,A. Anderson,Austin,Anderson,BRU,CE,,,298,0,0,0,0,0,0,0,0,0,0,0,0,0,0,0,0,0,0,0,0,0,0,0,0,0,0,0,0
V.Latu,V. Latu,Vaiuta,Latu,RED,LF,,Starting,299,0,0,0,0,0,0,0,0,0,0,0,0,0,0,0,0,0,0,0,0,0,0,0,0,0,0,0,0
S.Paea,S. Paea,Semisi,Paea,MOP,LF,LK,Starting,300,0,0,0,0,0,0,0,0,0,0,0,0,0,0,0,0,0,0,0,0,0,0,0,0,0,0,0,0
J.McLeod,J. McLeod,Jarrah,McLeod,BRU,CE,,,301,0,0,0,0,0,0,0,0,0,0,0,0,0,0,0,0,0,0,0,0,0,0,0,0,0,0,0,0
O.Haig,O. Haig,Oliver,Haig,HIG,LF,LK,Starting,302,0,0,0,0,0,0,0,0,0,0,0,0,0,0,0,0,0,0,0,0,0,0,0,0,0,0,0,0
T.Nofoagatotoa,T. Nofoagatotoa,Titi,Nofoagatotoa,FOR,LF,,,303,0,0,0,0,0,0,0,0,0,0,0,0,0,0,0,0,0,0,0,0,0,0,0,0,0,0,0,0
L.Hooper,L. Hooper,Lachlan,Hooper,WAR,LF,LK,,304,0,0,0,0,0,0,0,0,0,0,0,0,0,0,0,0,0,0,0,0,0,0,0,0,0,0,0,0
I.Henry,I. Henry,Isaac,Henry,RED,CE,,,305,0,0,0,0,0,0,0,0,0,0,0,0,0,0,0,0,0,0,0,0,0,0,0,0,0,0,0,0
E.Langi,E. Langi,Eli,Langi,BRU,LF,,,306,0,0,0,0,0,0,0,0,0,0,0,0,0,0,0,0,0,0,0,0,0,0,0,0,0,0,0,0
D.Ropeti,D. Ropeti,Dominic,Ropeti,MOP,LF,LK,Benched,307,0,0,0,0,0,0,0,0,0,0,0,0,0,0,0,0,0,0,0,0,0,0,0,0,0,0,0,0
F.Molina,F. Molina,Franco,Molina,FOR,LK,,Starting,308,0,0,0,0,0,0,0,0,0,0,0,0,0,0,0,0,0,0,0,0,0,0,0,0,0,0,0,0
L.Talataina,L. Talataina,Leafi,Talataina,WAR,LF,,Benched,309,0,0,0,0,0,0,0,0,0,0,0,0,0,0,0,0,0,0,0,0,0,0,0,0,0,0,0,0
J.Dillon,J. Dillon,Joe,Dillon,BRU,FH,,,310,0,0,0,0,0,0,0,0,0,0,0,0,0,0,0,0,0,0,0,0,0,0,0,0,0,0,0,0
I.Nasilasila,I. Nasilasila,Isoa,Nasilasila,DRU,LK,,,311,0,0,0,0,0,0,0,0,0,0,0,0,0,0,0,0,0,0,0,0,0,0,0,0,0,0,0,0
S.Kuruvoli,S. Kuruvoli,Simione,Kuruvoli,DRU,HB,,,312,0,0,0,0,0,0,0,0,0,0,0,0,0,0,0,0,0,0,0,0,0,0,0,0,0,0,0,0
G.Bower,G. Bower,George,Bower,CRU,PR,,Benched,313,0,0,0,0,0,0,0,0,0,0,0,0,0,0,0,0,0,0,0,0,0,0,0,0,0,0,0,0
S.Lauaki,S. Lauaki,Siale,Lauaki,HUR,PR,,,314,0,0,0,0,0,0,0,0,0,0,0,0,0,0,0,0,0,0,0,0,0,0,0,0,0,0,0,0
K.Preston,K. Preston,Kyle,Preston,CRU,HB,,Benched,315,0,0,0,0,0,0,0,0,0,0,0,0,0,0,0,0,0,0,0,0,0,0,0,0,0,0,0,0
G.Dyer,G. Dyer,George,Dyer,CHI,PR,,Starting,316,0,0,0,0,0,0,0,0,0,0,0,0,0,0,0,0,0,0,0,0,0,0,0,0,0,0,0,0
I.Walker-Leawere,I. Walker-Leawere,Isaia,Walker-Leawere,HUR,LK,,,317,0,0,0,0,0,0,0,0,0,0,0,0,0,0,0,0,0,0,0,0,0,0,0,0,0,0,0,0
M.Doge,M. Doge,Mesake,Doge,DRU,PR,,,318,0,0,0,0,0,0,0,0,0,0,0,0,0,0,0,0,0,0,0,0,0,0,0,0,0,0,0,0
P.Baselala,P. Baselala,Philip,Baselala,DRU,HB,,,319,0,0,0,0,0,0,0,0,0,0,0,0,0,0,0,0,0,0,0,0,0,0,0,0,0,0,0,0
X.Numia,X. Numia,Xavier,Numia,HUR,PR,,,320,0,0,0,0,0,0,0,0,0,0,0,0,0,0,0,0,0,0,0,0,0,0,0,0,0,0,0,0
X.Roe,X. Roe,Xavier,Roe,CHI,HB,,Starting,321,0,0,0,0,0,0,0,0,0,0,0,0,0,0,0,0,0,0,0,0,0,0,0,0,0,0,0,0
T.Cribb,T. Cribb,Taine,Cribb,HIG,LK,LF,,322,0,0,0,0,0,0,0,0,0,0,0,0,0,0,0,0,0,0,0,0,0,0,0,0,0,0,0,0
S.Fa'agase,S. Fa'agase,Sef,Fa'agase,FOR,PR,,Benched,323,0,0,0,0,0,0,0,0,0,0,0,0,0,0,0,0,0,0,0,0,0,0,0,0,0,0,0,0
R.van Nek,R. van Nek,Rhys,van Nek,BRU,PR,,Starting,324,0,0,0,0,0,0,0,0,0,0,0,0,0,0,0,0,0,0,0,0,0,0,0,0,0,0,0,0
S.Amone,S. Amone,Siosifa,Amone,WAR,PR,,Benched,325,0,0,0,0,0,0,0,0,0,0,0,0,0,0,0,0,0,0,0,0,0,0,0,0,0,0,0,0
R.Lonergan,R. Lonergan,Ryan,Lonergan,BRU,HB,,Starting,326,0,0,0,0,0,0,0,0,0,0,0,0,0,0,0,0,0,0,0,0,0,0,0,0,0,0,0,0
N.Ah Kuoi,N. Ah Kuoi,Naitoa,Ah Kuoi,CHI,LK,,Benched,327,0,0,0,0,0,0,0,0,0,0,0,0,0,0,0,0,0,0,0,0,0,0,0,0,0,0,0,0
T.Mafile'o,T. Mafile'o,Tevita,Mafile'o,HUR,PR,,,328,0,0,0,0,0,0,0,0,0,0,0,0,0,0,0,0,0,0,0,0,0,0,0,0,0,0,0,0
A.Ta'avao,A. Ta'avao,Angus,Ta'avao,HIG,PR,,Starting,329,0,0,0,0,0,0,0,0,0,0,0,0,0,0,0,0,0,0,0,0,0,0,0,0,0,0,0,0
J.Tupou,J. Tupou,Jimmy,Tupou,MOP,LK,LF,Elbow,330,0,0,0,0,0,0,0,0,0,0,0,0,0,0,0,0,0,0,0,0,0,0,0,0,0,0,0,0
A.Moyano,A. Moyano,Agustin,Moyano,FOR,HB,,,331,0,0,0,0,0,0,0,0,0,0,0,0,0,0,0,0,0,0,0,0,0,0,0,0,0,0,0,0
A.Blyth,A. Blyth,Angus,Blyth,WAR,LK,,Benched,332,0,0,0,0,0,0,0,0,0,0,0,0,0,0,0,0,0,0,0,0,0,0,0,0,0,0,0,0
J.Proffit,J. Proffit,Jared,Proffit,CHI,PR,,Starting,333,0,0,0,0,0,0,0,0,0,0,0,0,0,0,0,0,0,0,0,0,0,0,0,0,0,0,0,0
L.Salakaia-Loto,L. Salakaia-Loto,Lukhan,Salakaia-Loto,RED,LK,LF,Starting,334,0,0,0,0,0,0,0,0,0,0,0,0,0,0,0,0,0,0,0,0,0,0,0,0,0,0,0,0
B.Grant,B. Grant,Ben,Grant,WAR,LK,,,335,0,0,0,0,0,0,0,0,0,0,0,0,0,0,0,0,0,0,0,0,0,0,0,0,0,0,0,0
A.Pole,A. Pole,Abraham,Pole,MOP,PR,,Benched,336,0,0,0,0,0,0,0,0,0,0,0,0,0,0,0,0,0,0,0,0,0,0,0,0,0,0,0,0
L.McWhannell,L. McWhannell,Laghlan,McWhannell,BLU,LK,,Benched,337,0,0,0,0,0,0,0,0,0,0,0,0,0,0,0,0,0,0,0,0,0,0,0,0,0,0,0,0
M.Amatosero,M. Amatosero,Miles,Amatosero,WAR,LK,,Starting,338,0,0,0,0,0,0,0,0,0,0,0,0,0,0,0,0,0,0,0,0,0,0,0,0,0,0,0,0
J.Toomaga-Allen,J. Toomaga-Allen,Jeffery,Toomaga-Allen,RED,PR,,Benched,339,0,0,0,0,0,0,0,0,0,0,0,0,0,0,0,0,0,0,0,0,0,0,0,0,0,0,0,0
C.Apoua,C. Apoua,Chris,Apoua,MOP,PR,,Starting,340,0,0,0,0,0,0,0,0,0,0,0,0,0,0,0,0,0,0,0,0,0,0,0,0,0,0,0,0
J.Gordon,J. Gordon,Jake,Gordon,WAR,HB,,Starting,341,0,0,0,0,0,0,0,0,0,0,0,0,0,0,0,0,0,0,0,0,0,0,0,0,0,0,0,0
K.Thomas,K. Thomas,Kalani,Thomas,RED,HB,,Out,342,0,0,0,0,0,0,0,0,0,0,0,0,0,0,0,0,0,0,0,0,0,0,0,0,0,0,0,0
M.De Lutiis,M. De Lutiis,Massimo,De Lutiis,RED,PR,,Out,343,0,0,0,0,0,0,0,0,0,0,0,0,0,0,0,0,0,0,0,0,0,0,0,0,0,0,0,0
T.Savage,T. Savage,Tom,Savage,MOP,LK,,Starting,344,0,0,0,0,0,0,0,0,0,0,0,0,0,0,0,0,0,0,0,0,0,0,0,0,0,0,0,0
T.Tuipulotu,T. Tuipulotu,Tito,Tuipulotu,MOP,PR,,Starting,345,0,0,0,0,0,0,0,0,0,0,0,0,0,0,0,0,0,0,0,0,0,0,0,0,0,0,0,0
J.Lord,J. Lord,Josh,Lord,CHI,LK,,Starting,346,0,0,0,0,0,0,0,0,0,0,0,0,0,0,0,0,0,0,0,0,0,0,0,0,0,0,0,0
A.Ross,A. Ross,Aidan,Ross,RED,PR,,Starting,347,0,0,0,0,0,0,0,0,0,0,0,0,0,0,0,0,0,0,0,0,0,0,0,0,0,0,0,0
E.Enari,E. Enari,Ereatara,Enari,HUR,HB,,,348,0,0,0,0,0,0,0,0,0,0,0,0,0,0,0,0,0,0,0,0,0,0,0,0,0,0,0,0
P.Tosi,P. Tosi,Pasilio,Tosi,HUR,PR,,,349,0,0,0,0,0,0,0,0,0,0,0,0,0,0,0,0,0,0,0,0,0,0,0,0,0,0,0,0
A.Pulu,A. Pulu,Augustine,Pulu,MOP,HB,,Calf,350,0,0,0,0,0,0,0,0,0,0,0,0,0,0,0,0,0,0,0,0,0,0,0,0,0,0,0,0
D.Lienert-Brown,D. Lienert-Brown,Daniel,Lienert-Brown,HIG,PR,,,351,0,0,0,0,0,0,0,0,0,0,0,0,0,0,0,0,0,0,0,0,0,0,0,0,0,0,0,0
J.Bartlett,J. Bartlett,Josh,Bartlett,HIG,PR,,Benched,352,0,0,0,0,0,0,0,0,0,0,0,0,0,0,0,0,0,0,0,0,0,0,0,0,0,0,0,0
E.Tuqiri,E. Tuqiri,Emosi,Tuqiri,DRU,PR,,,353,0,0,0,0,0,0,0,0,0,0,0,0,0,0,0,0,0,0,0,0,0,0,0,0,0,0,0,0
T.Tahuriorangi,T. Tahuriorangi,Te Toiroa,Tahuriorangi,CHI,HB,,,354,0,0,0,0,0,0,0,0,0,0,0,0,0,0,0,0,0,0,0,0,0,0,0,0,0,0,0,0
T.Funaki,T. Funaki,Taufa,Funaki,BLU,HB,,,355,0,0,0,0,0,0,0,0,0,0,0,0,0,0,0,0,0,0,0,0,0,0,0,0,0,0,0,0
J.Lay,J. Lay,Jordan,Lay,BLU,PR,,Concussion,356,0,0,0,0,0,0,0,0,0,0,0,0,0,0,0,0,0,0,0,0,0,0,0,0,0,0,0,0
S.Nock,S. Nock,Sam,Nock,BLU,HB,,Benched,357,0,0,0,0,0,0,0,0,0,0,0,0,0,0,0,0,0,0,0,0,0,0,0,0,0,0,0,0
D.Nelson,D. Nelson,Dan,Nelson,BRU,HB,,,358,0,0,0,0,0,0,0,0,0,0,0,0,0,0,0,0,0,0,0,0,0,0,0,0,0,0,0,0
L.Chapman,L. Chapman,Louie,Chapman,CRU,HB,,,359,0,0,0,0,0,0,0,0,0,0,0,0,0,0,0,0,0,0,0,0,0,0,0,0,0,0,0,0
P.Rakete-Stones,P. Rakete-Stones,Pouri,Rakete-Stones,HUR,PR,,,360,0,0,0,0,0,0,0,0,0,0,0,0,0,0,0,0,0,0,0,0,0,0,0,0,0,0,0,0
D.Pledger,D. Pledger,Dylan,Pledger,HIG,HB,,ACL - Season,361,0,0,0,0,0,0,0,0,0,0,0,0,0,0,0,0,0,0,0,0,0,0,0,0,0,0,0,0
A.Lennox,A. Lennox,Adam,Lennox,HIG,HB,,Benched,362,0,0,0,0,0,0,0,0,0,0,0,0,0,0,0,0,0,0,0,0,0,0,0,0,0,0,0,0
L.Werchon,L. Werchon,Louis,Werchon,RED,HB,,Starting,363,0,0,0,0,0,0,0,0,0,0,0,0,0,0,0,0,0,0,0,0,0,0,0,0,0,0,0,0
H.Plummer,H. Plummer,Hugo,Plummer,HUR,LK,,,364,0,0,0,0,0,0,0,0,0,0,0,0,0,0,0,0,0,0,0,0,0,0,0,0,0,0,0,0
J.Viljoen,J. Viljoen,Jordi,Viljoen,HUR,HB,,,365,0,0,0,0,0,0,0,0,0,0,0,0,0,0,0,0,0,0,0,0,0,0,0,0,0,0,0,0
H.Robertson,H. Robertson,Henry,Robertson,FOR,HB,,Benched,366,0,0,0,0,0,0,0,0,0,0,0,0,0,0,0,0,0,0,0,0,0,0,0,0,0,0,0,0
D.Philipson,D. Philipson,Doug,Philipson,FOR,HB,,Knee - Long Term,367,0,0,0,0,0,0,0,0,0,0,0,0,0,0,0,0,0,0,0,0,0,0,0,0,0,0,0,0
M.McDonald,M. McDonald,Michael,McDonald,WAR,HB,,,368,0,0,0,0,0,0,0,0,0,0,0,0,0,0,0,0,0,0,0,0,0,0,0,0,0,0,0,0
P.Ravai,P. Ravai,Peni,Ravai,DRU,PR,,,369,0,0,0,0,0,0,0,0,0,0,0,0,0,0,0,0,0,0,0,0,0,0,0,0,0,0,0,0
M.Tuni,M. Tuni,Meli,Tuni,DRU,PR,,,370,0,0,0,0,0,0,0,0,0,0,0,0,0,0,0,0,0,0,0,0,0,0,0,0,0,0,0,0
T.Cahill,T. Cahill,Tahlor,Cahill,CRU,LK,LF,Benched,371,0,0,0,0,0,0,0,0,0,0,0,0,0,0,0,0,0,0,0,0,0,0,0,0,0,0,0,0
L.Jack,L. Jack,Liam,Jack,CRU,LK,,Hamstring - 6-8 weeks,372,0,0,0,0,0,0,0,0,0,0,0,0,0,0,0,0,0,0,0,0,0,0,0,0,0,0,0,0
F.Sa,F. Sa,Fiti,Sa,CHI,LK,,,373,0,0,0,0,0,0,0,0,0,0,0,0,0,0,0,0,0,0,0,0,0,0,0,0,0,0,0,0
R.O'Neill,R. O'Neill,Reuben,O'Neill,CHI,PR,,Benched,374,0,0,0,0,0,0,0,0,0,0,0,0,0,0,0,0,0,0,0,0,0,0,0,0,0,0,0,0
T.Cook,T. Cook,Tristyn,Cook,BLU,LK,LF,,375,0,0,0,0,0,0,0,0,0,0,0,0,0,0,0,0,0,0,0,0,0,0,0,0,0,0,0,0
T.Allen,T. Allen,Tom,Allen,HUR,LK,,,376,0,0,0,0,0,0,0,0,0,0,0,0,0,0,0,0,0,0,0,0,0,0,0,0,0,0,0,0
L.Shaw,L. Shaw,Lachie,Shaw,BRU,LK,,Starting,377,0,0,0,0,0,0,0,0,0,0,0,0,0,0,0,0,0,0,0,0,0,0,0,0,0,0,0,0
W.Tucker,W. Tucker,Will,Tucker,CRU,LK,LF,,378,0,0,0,0,0,0,0,0,0,0,0,0,0,0,0,0,0,0,0,0,0,0,0,0,0,0,0,0
C.Neville,C. Neville,Cadeyrn,Neville,BRU,LK,,Starting,379,0,0,0,0,0,0,0,0,0,0,0,0,0,0,0,0,0,0,0,0,0,0,0,0,0,0,0,0
V.Miramira,V. Miramira,Vilive,Miramira,DRU,LK,LF,,380,0,0,0,0,0,0,0,0,0,0,0,0,0,0,0,0,0,0,0,0,0,0,0,0,0,0,0,0
A.Ranawai,A. Ranawai,Apolosi,Ranawai,WAR,PR,,,381,0,0,0,0,0,0,0,0,0,0,0,0,0,0,0,0,0,0,0,0,0,0,0,0,0,0,0,0
M.Hala-Ngatai,M. Hala-Ngatai,Malakai,Hala-Ngatai,MOP,PR,,,382,0,0,0,0,0,0,0,0,0,0,0,0,0,0,0,0,0,0,0,0,0,0,0,0,0,0,0,0
J.Smith,J. Smith,Joshua,Smith,FOR,PR,,,383,0,0,0,0,0,0,0,0,0,0,0,0,0,0,0,0,0,0,0,0,0,0,0,0,0,0,0,0
O.Tauatevalu,O. Tauatevalu,Ofa,Tauatevalu,MOP,LK,,Benched,384,0,0,0,0,0,0,0,0,0,0,0,0,0,0,0,0,0,0,0,0,0,0,0,0,0,0,0,0
T.Lambert,T. Lambert,Tom,Lambert,WAR,PR,,Starting,385,0,0,0,0,0,0,0,0,0,0,0,0,0,0,0,0,0,0,0,0,0,0,0,0,0,0,0,0
A.Craig,A. Craig,Allan,Craig,MOP,LK,,Starting,386,0,0,0,0,0,0,0,0,0,0,0,0,0,0,0,0,0,0,0,0,0,0,0,0,0,0,0,0
S.Kautai,S. Kautai,Sosefu,Kautai,HIG,PR,,,387,0,0,0,0,0,0,0,0,0,0,0,0,0,0,0,0,0,0,0,0,0,0,0,0,0,0,0,0
S.Calder,S. Calder,Seb,Calder,CRU,PR,,Starting,388,0,0,0,0,0,0,0,0,0,0,0,0,0,0,0,0,0,0,0,0,0,0,0,0,0,0,0,0
N.Bloomfield,N. Bloomfield,Nick,Bloomfield,RED,PR,,,389,0,0,0,0,0,0,0,0,0,0,0,0,0,0,0,0,0,0,0,0,0,0,0,0,0,0,0,0
S.Ahio,S. Ahio,Sione,Ahio,CHI,PR,,Ankle - TBC,390,0,0,0,0,0,0,0,0,0,0,0,0,0,0,0,0,0,0,0,0,0,0,0,0,0,0,0,0
B.Ake,B. Ake,Ben,Ake,BLU,PR,,,391,0,0,0,0,0,0,0,0,0,0,0,0,0,0,0,0,0,0,0,0,0,0,0,0,0,0,0,0
T.Alatini,T. Alatini,Tevita,Alatini,BRU,PR,,Benched,392,0,0,0,0,0,0,0,0,0,0,0,0,0,0,0,0,0,0,0,0,0,0,0,0,0,0,0,0
H.Cordukes,H. Cordukes,Harvey,Cordukes,BRU,LK,,,393,0,0,0,0,0,0,0,0,0,0,0,0,0,0,0,0,0,0,0,0,0,0,0,0,0,0,0,0
J.Sa,J. Sa,Jayden,Sa,CHI,LK,,,394,0,0,0,0,0,0,0,0,0,0,0,0,0,0,0,0,0,0,0,0,0,0,0,0,0,0,0,0
M.Matavao,M. Matavao,Melani,Matavao,MOP,HB,,,395,0,0,0,0,0,0,0,0,0,0,0,0,0,0,0,0,0,0,0,0,0,0,0,0,0,0,0,0
G.Blake,G. Blake,George,Blake,RED,PR,,Benched,396,0,0,0,0,0,0,0,0,0,0,0,0,0,0,0,0,0,0,0,0,0,0,0,0,0,0,0,0
W.Goddard,W. Goddard,Will,Goddard,WAR,PR,,,397,0,0,0,0,0,0,0,0,0,0,0,0,0,0,0,0,0,0,0,0,0,0,0,0,0,0,0,0
S.Nginingini,S. Nginingini,Siaosi,Nginingini,MOP,HB,,Benched,398,0,0,0,0,0,0,0,0,0,0,0,0,0,0,0,0,0,0,0,0,0,0,0,0,0,0,0,0
L.Faifua,L. Faifua,Lopeti,Faifua,FOR,LK,LF,,399,0,0,0,0,0,0,0,0,0,0,0,0,0,0,0,0,0,0,0,0,0,0,0,0,0,0,0,0
H.Muller,H. Muller,Hamish,Muller,RED,LK,,,400,0,0,0,0,0,0,0,0,0,0,0,0,0,0,0,0,0,0,0,0,0,0,0,0,0,0,0,0
B.Schoupp,B. Schoupp,Blake,Schoupp,BRU,PR,,,401,0,0,0,0,0,0,0,0,0,0,0,0,0,0,0,0,0,0,0,0,0,0,0,0,0,0,0,0
F.Yates,F. Yates,Flyn,Yates,BLU,PR,,,402,0,0,0,0,0,0,0,0,0,0,0,0,0,0,0,0,0,0,0,0,0,0,0,0,0,0,0,0
L.Ieli,L. Ieli,Lington,Ieli,BRU,PR,,,403,0,0,0,0,0,0,0,0,0,0,0,0,0,0,0,0,0,0,0,0,0,0,0,0,0,0,0,0
F.Brewis,F. Brewis,Finlay,Brewis,CRU,PR,,Starting,404,0,0,0,0,0,0,0,0,0,0,0,0,0,0,0,0,0,0,0,0,0,0,0,0,0,0,0,0
D.Botha,D. Botha,Dan,Botha,WAR,PR,,Starting,405,0,0,0,0,0,0,0,0,0,0,0,0,0,0,0,0,0,0,0,0,0,0,0,0,0,0,0,0
E.Doyle,E. Doyle,Eamon,Doyle,WAR,LK,,Ankle,406,0,0,0,0,0,0,0,0,0,0,0,0,0,0,0,0,0,0,0,0,0,0,0,0,0,0,0,0
F.Fotuaika,F. Fotuaika,Feao,Fotuaika,FOR,PR,,Foot - Medium Term,407,0,0,0,0,0,0,0,0,0,0,0,0,0,0,0,0,0,0,0,0,0,0,0,0,0,0,0,0
P.Latu,P. Latu,Paula,Latu,MOP,PR,,Knee,408,0,0,0,0,0,0,0,0,0,0,0,0,0,0,0,0,0,0,0,0,0,0,0,0,0,0,0,0
A.Vakasiuola,A. Vakasiuola,Aisake,Vakasiuola,CHI,LK,,,409,0,0,0,0,0,0,0,0,0,0,0,0,0,0,0,0,0,0,0,0,0,0,0,0,0,0,0,0
K.Thorn,K. Thorn,Klayton,Thorn,BRU,HB,,Benched,410,0,0,0,0,0,0,0,0,0,0,0,0,0,0,0,0,0,0,0,0,0,0,0,0,0,0,0,0
A.Smith,A. Smith,Angelo,Smith,DRU,LK,LF,,411,0,0,0,0,0,0,0,0,0,0,0,0,0,0,0,0,0,0,0,0,0,0,0,0,0,0,0,0
K.Sykes-Martin,K. Sykes-Martin,Kershawl,Sykes-Martin,CRU,PR,,Hip - 1-2 weeks,412,0,0,0,0,0,0,0,0,0,0,0,0,0,0,0,0,0,0,0,0,0,0,0,0,0,0,0,0
H.Johnson-Holmes,H. Johnson-Holmes,Harry,Johnson-Holmes,FOR,PR,,Starting,413,0,0,0,0,0,0,0,0,0,0,0,0,0,0,0,0,0,0,0,0,0,0,0,0,0,0,0,0
I.Kailea,I. Kailea,Isaac,Kailea,WAR,PR,,Benched,414,0,0,0,0,0,0,0,0,0,0,0,0,0,0,0,0,0,0,0,0,0,0,0,0,0,0,0,0
A.Aho,A. Aho,Alefosio,Aho,MOP,LK,,,415,0,0,0,0,0,0,0,0,0,0,0,0,0,0,0,0,0,0,0,0,0,0,0,0,0,0,0,0
B.Kumeroa,B. Kumeroa,Benet,Kumeroa,CHI,PR,,Benched,416,0,0,0,0,0,0,0,0,0,0,0,0,0,0,0,0,0,0,0,0,0,0,0,0,0,0,0,0
S.Tawake,S. Tawake,Samuela,Tawake,DRU,PR,,,417,0,0,0,0,0,0,0,0,0,0,0,0,0,0,0,0,0,0,0,0,0,0,0,0,0,0,0,0
T.King,T. King,Trevor,King,RED,PR,,,418,0,0,0,0,0,0,0,0,0,0,0,0,0,0,0,0,0,0,0,0,0,0,0,0,0,0,0,0
J.Barrett2,J. Barrett,Jack,Barrett,WAR,PR,,,419,0,0,0,0,0,0,0,0,0,0,0,0,0,0,0,0,0,0,0,0,0,0,0,0,0,0,0,0
